<?xml version='1.0'?>
<x xmlns="http://www.ci-inc.com/namespace" xmlns:xsi="http://www.w3.org/2001/XMLSchema-instance">
    <Twain>
        <UseLog>N</UseLog>
        <UseADF>Y</UseADF>
        <PixelType>0</PixelType>
        <DriverName></DriverName>
        <Left>0.01</Left>
        <Top>0.01</Top>
        <Right>8.48</Right>
        <Bottom>10.95</Bottom>
        <Resolution>300</Resolution>
        <ImageFormat>Tiff</ImageFormat>
        <Browser>D</Browser>
        <OutputFile>\\192.168.50.193\pages\TBEscan\s16030111420201.tif</OutputFile>
        <NumberOfPages>-1</NumberOfPages>
        <WebRequest>http://deandev.bridgewelltech.com/assets/public/images/tempy1IxWa51V9.jpg</WebRequest>
        <ShowDevicesOnly>N</ShowDevicesOnly>
        <UseDuplex>N</UseDuplex>
        <ShowForm>N</ShowForm>
        <TestCapabilitiesOnly>N</TestCapabilitiesOnly>
        <Version>1.1.0.2</Version>
        <UnixFile>s16030111420201.tif</UnixFile>
        <UnixUrl>http://deandev.bridgewelltech.com/api/user/1/upload?access_token=1</UnixUrl>
        <UnixDir>/var/www/html/documentconnection/pages/TBEscan</UnixDir>
    </Twain>
</x>